{
  "$schema": "https://developer.microsoft.com/json-schemas/spfx-build/package-solution.schema.json",
  "solution": {
    "name": "ms-graph-sp-fx-client-side-solution",
    "id": "129c8ccd-4dea-4b50-9a4d-96e04563ccd7",
    "version": "1.0.0.2",
    "includeClientSideAssets": true,
    "webApiPermissionRequests": [
      {
        "resource": "Microsoft Graph",
        "scope": "User.ReadBasic.All"
      },
      {
        "resource": "Microsoft Graph",
        "scope": "Calendars.Read"
      },
      {
        "resource": "Microsoft Graph",
        "scope": "Group.Read.All"
      }
    ]
  },
  "paths": {
    "zippedPackage": "solution/ms-graph-sp-fx.sppkg"
  }
}
